{"model": "text-embedding-3-large", "results": {"NDCG": {"NDCG@1": 0.63636, "NDCG@3": 0.67641, "NDCG@5": 0.69499, "NDCG@10": 0.72507}, "MAP": {"MAP@1": 0.63636, "MAP@3": 0.66667, "MAP@5": 0.67689, "MAP@10": 0.6897}, "Recall": {"Recall@1": 0.63636, "Recall@3": 0.70455, "Recall@5": 0.75, "Recall@10": 0.84091}, "Precision": {"P@1": 0.63636, "P@3": 0.23485, "P@5": 0.15, "P@10": 0.08409}}}