{"model": "text-embedding-3-large", "results": {"NDCG": {"NDCG@1": 0.5, "NDCG@3": 0.68064, "NDCG@5": 0.69936, "NDCG@10": 0.7357}, "MAP": {"MAP@1": 0.5, "MAP@3": 0.63768, "MAP@5": 0.64855, "MAP@10": 0.66421}, "Recall": {"Recall@1": 0.5, "Recall@3": 0.80435, "Recall@5": 0.84783, "Recall@10": 0.95652}, "Precision": {"P@1": 0.5, "P@3": 0.26812, "P@5": 0.16957, "P@10": 0.09565}}}