{"model": "jina-embeddings-v3", "results": {"NDCG": {"NDCG@1": 0.44769, "NDCG@3": 0.51749, "NDCG@5": 0.54859, "NDCG@10": 0.57064}, "MAP": {"MAP@1": 0.44769, "MAP@3": 0.50041, "MAP@5": 0.51768, "MAP@10": 0.5268}, "Recall": {"Recall@1": 0.44769, "Recall@3": 0.56691, "Recall@5": 0.64234, "Recall@10": 0.71046}, "Precision": {"P@1": 0.44769, "P@3": 0.18897, "P@5": 0.12847, "P@10": 0.07105}}}