{"model": "text-embedding-3-large", "results": {"NDCG": {"NDCG@1": 0.50852, "NDCG@3": 0.59949, "NDCG@5": 0.63457, "NDCG@10": 0.6618}, "MAP": {"MAP@1": 0.50852, "MAP@3": 0.57786, "MAP@5": 0.59732, "MAP@10": 0.60885}, "Recall": {"Recall@1": 0.50852, "Recall@3": 0.6618, "Recall@5": 0.74696, "Recall@10": 0.82968}, "Precision": {"P@1": 0.50852, "P@3": 0.2206, "P@5": 0.14939, "P@10": 0.08297}}}