{"model": "text-embedding-3-small", "results": {"NDCG": {"NDCG@1": 0.45499, "NDCG@3": 0.5493, "NDCG@5": 0.57663, "NDCG@10": 0.59929}, "MAP": {"MAP@1": 0.45499, "MAP@3": 0.52636, "MAP@5": 0.54169, "MAP@10": 0.55095}, "Recall": {"Recall@1": 0.45499, "Recall@3": 0.61557, "Recall@5": 0.68127, "Recall@10": 0.75182}, "Precision": {"P@1": 0.45499, "P@3": 0.20519, "P@5": 0.13625, "P@10": 0.07518}}}